Year,Month,Mean Max Temp (°C),Mean Min Temp (°C),Mean Temp (°C),Extr Max Temp (°C),Extr Min Temp (°C),Total Rain (mm),Total Snow (cm),Total Precip (mm)
1925,1,,-43.2,,,-57.2,,,
1925,2,-18.9,-38.2,-28.6,-5,-54.4,,,
1925,3,-5.2,-24.7,-15,2.2,-38.9,,,
1925,4,6.1,-10.9,-2.4,9.4,-25.6,,,
1925,5,17.4,-0.2,8.6,22.2,-7.8,,,
1925,6,21.8,6.4,14.1,27.8,1.7,57.4,0,57.4
1925,7,22.7,6.4,14.6,33.3,2.2,37.6,0,37.6
1925,8,,,,,,,,
1925,9,14.3,-0.8,6.8,22.2,-8.9,5.1,1.3,6.4
1925,10,3.8,-5.6,-0.9,13.9,-20.6,9.7,14.7,24.4
1925,11,-5.8,-13.8,-9.8,3.3,-30.6,0,12.2,12.2
1925,12,-10.9,-20.7,-15.8,6.1,-40,0,15.2,15.2
1926,1,-6.3,-14.8,-10.6,6.7,-25.6,0,7.6,7.6
1926,2,-12.1,-23.4,-17.8,-1.1,-43.9,0,36.3,36.3
1926,3,3.1,-10.7,-3.8,11.1,-24.4,0,3.3,3.3
1926,4,8.8,-4.3,2.3,15,-20,39.6,5.1,44.7
1926,5,14.9,2.2,8.6,20,-2.8,16,0,16
1926,6,22,5.5,13.8,27.8,0.6,6.9,0,6.9
1926,7,22.3,7.1,14.7,27.8,3.3,60.5,0,60.5
1926,8,20.3,4.2,12.3,26.7,-2.8,10.2,0,10.2
1926,9,14.1,-1.7,6.2,20.6,-12.8,19.1,0,19.1
1926,10,,,,,,,,
1926,11,-9.1,-18.3,-13.7,5,-37.8,0,3.8,3.8
1926,12,,,,,,,,
1927,1,,-33.8,,,-47.2,0,11.4,11.4
1927,2,,-22.8,,3.3,-43.9,0,3.8,3.8
1927,3,0,-14.8,-7.4,6.1,-24.4,0,0,0
1927,4,1.8,-12.6,-5.4,12.2,-36.1,10.7,0,10.7
1927,5,13.6,0.7,7.2,19.4,-6.7,14.5,0,14.5
1927,6,21.7,6.1,13.9,26.1,-2.2,41.1,0,41.1
1927,7,26,7.3,16.7,31.7,1.7,15.5,0,15.5
1927,8,21.9,5.3,13.6,30,-1.7,58.4,0,58.4
1927,9,11.2,-0.1,5.6,18.3,-11.7,30.2,5.1,35.3
1927,10,0.9,-7.9,-3.5,8.3,-24.4,0,12.7,12.7
1927,11,-22,-28.9,-25.5,-3.9,-45,0,10.9,10.9
1927,12,,-36.3,,,-50,0,23.6,23.6
1928,1,,-25.6,,,-39.4,0,21.8,21.8
1928,2,,-24.7,,,-37.2,0,5.3,5.3
1928,3,,-21.1,,,-43.9,0,11.9,11.9
1928,4,2.8,-12.4,-4.8,14.4,-30,19.1,2.5,21.6
1928,5,13.6,0.6,7.1,18.3,-6.7,22.4,0,22.4
1928,6,22.7,5.9,14.3,29.4,1.7,40.4,0,40.4
1928,7,23.3,6.4,14.9,28.9,-2.8,15.5,0,15.5
1928,8,19.1,3.1,11.1,30,-6.7,16.5,0,16.5
1928,9,11.1,-1.7,4.7,20,-12.2,27.4,1.3,28.7
1928,10,0.2,-7.7,-3.8,6.7,-16.7,5.3,10.4,15.7
1928,11,-2.9,-13.4,-8.2,10,-26.7,1.3,5.8,7.1
1928,12,-10.3,-20.4,-15.4,3.3,-38.9,0,10.2,10.2
1929,1,-18.6,-27,-22.8,-2.8,-43.3,0,21.8,21.8
1929,2,-12.3,-22.9,-17.6,-0.6,-42.2,0,18,18
1929,3,-5.9,-19.6,-12.8,7.8,-33.3,0,12.7,12.7
1929,4,3.4,-9.3,-3,12.2,-35.6,0.8,1.3,2
1929,5,12.6,-0.2,6.2,20.6,-6.7,20.1,0,20.1
1929,6,21.1,6.5,13.8,26.1,1.1,21.3,0,21.3
1929,7,19.2,7.9,13.6,25.6,-1.7,64.3,0,64.3
1929,8,18.9,3.9,11.4,29.4,-2.2,23.9,0,23.9
1929,9,15.4,1.2,8.3,23.3,-7.2,28.2,0,28.2
1929,10,6.6,-2.3,2.2,16.1,-12.2,9.7,5.3,15
1929,11,-7,-15.2,-11.1,0.6,-30,0,34.3,34.3
1929,12,-22.2,-30.5,-26.4,-3.9,-50,0,35.6,35.6
1930,1,-31.7,-40.5,-36.1,-7.8,-52.8,0,7.6,7.6
1930,2,-17.3,-28.6,-23,2.8,-51.1,0,19.1,19.1
1930,3,-6.1,-19.2,-12.7,12.2,-40,0,39.4,39.4
1930,4,5.1,-8.1,-1.5,15.6,-20,0.5,3.8,4.3
1930,5,15,1.1,8.1,23.3,-6.1,9.9,0,9.9
1930,6,19.5,5.2,12.4,26.1,-1.1,27.4,0,27.4
1930,7,23.2,7.7,15.5,28.9,2.2,34,0,34
1930,8,19.6,6.7,13.2,28.9,-3.9,41.1,0,41.1
1930,9,11.9,1.7,6.8,21.1,-5.6,34.5,0,34.5
1930,10,-0.4,-10.1,-5.3,6.7,-21.7,0,19.6,19.6
1930,11,-11.1,-21.8,-16.5,5,-46.7,0,41.9,41.9
1930,12,-10.1,-21.6,-15.9,7.8,-34.4,0,34.3,34.3
1931,1,-10.7,-22.4,-16.6,5.6,-32.8,0,21.1,21.1
1931,2,-4.9,-17.9,-11.4,4.4,-36.1,0,30.5,30.5
1931,3,-6.7,-21.6,-14.2,6.1,-43.3,0,12.7,12.7
1931,4,5.6,-7.9,-1.2,16.7,-24.4,0,8.9,8.9
1931,5,10.9,-0.4,5.3,20,-8.3,12.4,0,12.4
1931,6,20.1,5.2,12.7,25.6,-1.7,21.1,0,21.1
1931,7,20.7,7.4,14.1,27.8,1.7,34,0,34
1931,8,17.8,4.6,11.2,23.3,-5,62.7,0,62.7
1931,9,12.1,-0.2,6,17.8,-7.8,18.3,0,18.3
1931,10,2.8,-5,-1.1,12.2,-22.2,5.6,0.8,6.4
1931,11,-12.7,-20.5,-16.6,1.1,-38.9,3.6,7.6,11.2
1931,12,-18,-28.6,-23.3,-7.2,-37.2,0,66.8,66.8
1932,1,-22.5,-33.2,-27.9,-2.8,-50.6,0,53.3,53.3
1932,2,-25.3,-39.9,-32.6,-5.6,-53.9,0,36.3,36.3
1932,3,-6.1,-20.2,-13.2,5,-47.2,0,17.8,17.8
1932,4,8.8,-4.6,2.1,17.8,-18.9,0,1,1
1932,5,14.2,1.1,7.7,19.4,-5,18.8,0,18.8
1932,6,17.2,5.5,11.4,23.3,0,77,0,77
1932,7,20.6,7,13.8,25.6,2.8,59.9,0,59.9
1932,8,18.4,6.9,12.7,24.4,-1.1,68.6,0,68.6
1932,9,10.2,-0.2,5,18.9,-7.8,29,3.8,32.8
1932,10,1.1,-6.9,-2.9,12.8,-24.4,2,21.8,23.9
1932,11,-17.9,-28.6,-23.3,1.7,-43.3,0,28.7,28.7
1932,12,-24.6,-34.3,-29.5,-15,-46.7,0,2,2
1933,1,-28.4,-38.4,-33.4,-11.7,-52.2,0,6.1,6.1
1933,2,-17.8,-31.3,-24.6,-10,-48.9,0,10.9,10.9
1933,3,-4.4,-21.3,-12.9,8.3,-40,0,3.6,3.6
1933,4,5.2,-8.9,-1.9,10.6,-18.9,0,0.8,0.8
1933,5,15.1,2.2,8.7,21.1,-3.3,23.1,0,23.1
1933,6,17.1,3.5,10.3,28.3,-2.2,55.9,0,55.9
1933,7,20.4,6,13.2,27.8,-0.6,38.6,0,38.6
1933,8,18.8,4.3,11.6,23.3,-2.2,4.8,0,4.8
1933,9,9.3,-0.1,4.6,16.7,-11.1,37.8,0,37.8
1933,10,-1.1,-8.1,-4.6,11.1,-29.4,4.6,16.5,21.1
1933,11,-8.7,-16.5,-12.6,4.4,-26.7,0,23.6,23.6
1933,12,-39.4,-45.3,-42.4,-19.4,-55.6,0,4.6,4.6
1934,1,-24.4,-35.5,-30,1.1,-56.1,0,4.8,4.8
1934,2,-5.1,-18.9,-12,6.1,-30.6,0,2.5,2.5
1934,3,-3.9,-21.9,-12.9,6.7,-43.3,0,6.6,6.6
1934,4,8.1,-5.9,1.1,18.9,-20,4.1,2.5,6.6
1934,5,14.6,1,7.8,20,-4.4,15.7,0,15.7
1934,6,19.6,4.9,12.3,26.7,-0.6,24.1,0,24.1
1934,7,22.3,7.9,15.1,30,1.1,53.3,0,53.3
1934,8,18.7,6.2,12.5,27.8,-1.7,60.7,0,60.7
1934,9,11.4,-1.5,5,20.6,-12.8,10.9,0,10.9
1934,10,4.2,-3.8,0.2,12.2,-16.1,1.5,10.9,12.4
1934,11,-10.1,-18.4,-14.3,1.1,-38.3,0,16.5,16.5
1934,12,-19.1,-25.9,-22.5,11.1,-48.9,0.3,15.2,15.5
1935,1,-25.9,-36.6,-31.3,10,-50.6,0,6.4,6.4
1935,2,-5.4,-18,-11.7,8.9,-28.9,0,10.7,10.7
1935,3,-8.1,-25.1,-16.6,-0.6,-41.1,0,13,13
1935,4,3.7,-6.9,-1.6,8.9,-23.3,0,10.2,10.2
1935,5,12.6,-0.3,6.2,19.4,-11.7,31.8,0,31.8
1935,6,18.9,4.8,11.9,25.6,-1.1,43.4,0,43.4
1935,7,22.3,7.5,14.9,28.9,0.6,22.4,0,22.4
1935,8,15.9,3.6,9.8,20,-5.6,47.8,0,47.8
1935,9,11.6,-1.5,5.1,21.1,-11.1,10.9,16.8,27.7
1935,10,-2.4,-11.4,-6.9,17.8,-36.7,18,47.5,65.5
1935,11,-15.3,-23.7,-19.5,4.4,-42.8,0,24.9,24.9
1935,12,-15.6,-25.4,-20.5,4.4,-50,0,32.8,32.8
1936,1,-22.4,-33.1,-27.8,-7.8,-54.4,0,2.3,2.3
1936,2,-28.4,-43,-35.7,-15,-51.7,0,0,0
1936,3,-2.9,-20.4,-11.7,6.1,-35,0,8.6,8.6
1936,4,4.7,-9.4,-2.4,15.6,-22.2,0,4.3,4.3
1936,5,14.9,1.2,8.1,30.6,-3.9,20.6,0,20.6
1936,6,,,,32.8,,,,
1936,7,22.7,9.3,16,27.8,5,75.7,0,75.7
1936,8,21.7,6.9,14.3,26.1,0.6,48.3,0,48.3
1936,9,10.2,-0.1,5.1,20.6,-8.9,45.2,8.6,53.8
1936,10,2.8,-3.6,-0.4,13.9,-16.7,23.9,18.8,42.7
1936,11,-5,-15.2,-10.1,5,-29.4,0,26.9,26.9
1936,12,-23.5,-34.3,-28.9,-2.8,-50,0,5.3,5.3
1937,1,-15.7,-28.3,-22,2.8,-45,0,21.1,21.1
1937,2,-15.4,-28.4,-21.9,2.2,-43.3,0,2.5,2.5
1937,3,-1.9,-13.8,-7.9,8.3,-28.3,0,1.5,1.5
1937,4,5.8,-3.8,1,10.6,-11.7,0,0,0
1937,5,13.9,1.6,7.8,18.3,-7.8,30,0,30
1937,6,22.2,7.4,14.8,32.8,0,44.2,0,44.2
1937,7,20.3,5.8,13.1,25.6,-1.1,30.7,0,30.7
1937,8,16.3,5.8,11.1,23.9,-3.3,71.9,0,71.9
1937,9,14.1,2.4,8.3,25,-5.6,34.8,0,34.8
1937,10,5.1,-2.5,1.3,11.1,-10.6,21.1,6.4,27.4
1937,11,-7.5,-13.7,-10.6,8.9,-27.2,4.1,3,7.1
1937,12,-20.6,-29.9,-25.3,7.2,-50.6,0,3,3
1938,1,-18.8,-29.5,-24.2,3.9,-48.3,0,11.2,11.2
1938,2,-18.5,-32.2,-25.4,11.7,-48.9,0.3,0.3,0.5
1938,3,0,-14.1,-7.1,8.3,-27.8,0,0,0
1938,4,6.9,-4.8,1.1,14.4,-13.3,1.8,2.3,4.1
1938,5,14.3,1.6,8,23.9,-4.4,35.1,0,35.1
1938,6,18.4,4.8,11.6,27.2,-1.1,18.3,0,18.3
1938,7,21.1,7.3,14.2,26.7,1.1,26.9,0,26.9
1938,8,20.7,4.7,12.7,27.8,-1.7,29.7,0,29.7
1938,9,17.3,1.8,9.6,26.7,-7.2,5.3,0,5.3
1938,10,8,-0.7,3.7,17.2,-12.2,5.1,0.5,5.6
1938,11,-8.9,-17.9,-13.4,3.3,-33.3,0,25.4,25.4
1938,12,-17.2,-27.2,-22.2,1.1,-50.6,0,26.7,26.7
1939,1,-15.5,-25.6,-20.6,-3.9,-47.2,0,13.5,13.5
1939,2,-18.6,-30.9,-24.8,-0.6,-51.7,0,14.7,14.7
1939,3,-8.2,-22.2,-15.2,8.3,-40,2.5,31.5,34
1939,4,5.6,-8.5,-1.5,12.2,-30,0.5,1,1.5
1939,5,14.1,1.5,7.8,19.4,-6.7,41.9,0,41.9
1939,6,20.1,5.9,13,24.4,0.6,49.8,0,49.8
1939,7,22.2,8.2,15.2,30.6,0,51.6,0,51.6
1939,8,17.3,5.1,11.2,27.2,0,98.6,0,98.6
1939,9,9.2,-0.6,4.3,13.9,-10,25.4,0,25.4
1939,10,-0.3,-11.9,-6.1,10.6,-26.7,1.3,48.3,49.5
1939,11,-6.6,-17.3,-12,8.9,-32.8,2,35.6,37.6
1939,12,-5.5,-18.6,-12.1,7.2,-30,0,12.7,12.7
1940,1,-11.2,-25,-18.1,8.3,-46.7,0,0,0
1940,2,-10,-23.9,-17,0.6,-37.2,0,2.5,2.5
1940,3,-1.4,-16.2,-8.8,10,-32.8,0,5.1,5.1
1940,4,11.7,-4.6,3.6,16.7,-11.1,2.5,0,2.5
1940,5,14.9,0.4,7.7,23.3,-2.8,39.6,0,39.6
1940,6,20.3,5.7,13,23.9,1.7,18,0,18
1940,7,24.1,7.3,15.7,30.6,2.8,9.9,0,9.9
1940,8,18.4,3.5,11,22.2,-1.7,53.1,0,53.1
1940,9,13.8,2.6,8.2,23.3,-5.6,53.6,0,53.6
1940,10,5.1,-3.1,1,12.2,-10,9.1,0,9.1
1940,11,-11.9,-22.9,-17.4,6.7,-33.3,0,0,0
1940,12,-11.3,-19.2,-15.3,-1.1,-37.8,0,22.9,22.9
1941,1,-17.1,-27.7,-22.4,6.7,-47.8,0,12.7,12.7
1941,2,-8.1,-21.8,-15,10.6,-39.4,0,10.2,10.2
1941,3,1.2,-13.3,-6.1,10.6,-28.3,0,0,0
1941,4,11.6,-0.8,5.4,15,-5.6,9.7,1.3,10.9
1941,5,16,0.8,8.4,25.6,-6.1,20.6,0,20.6
1941,6,21.7,6.8,14.3,25,2.2,51.6,0,51.6
1941,7,21.7,6.8,14.3,26.1,1.1,48.3,0,48.3
1941,8,21.8,4.7,13.3,26.1,-8.9,10.2,0,10.2
1941,9,12.3,-2.8,4.8,20,-12.8,19.3,0,19.3
1941,10,1.3,-8.1,-3.4,10.6,-24.4,3.3,30.5,33.8
1941,11,-11.6,-24.1,-17.9,2.8,-48.3,0,22.9,22.9
1941,12,-18.7,-31.4,-25.1,-9.4,-49.4,0,2.5,2.5
1942,1,-5.6,-16.5,-11.1,10,-33.3,0,25.4,25.4
1942,2,-6.7,-17.8,-12.3,0.6,-30,0,5.8,5.8
1942,3,-0.2,-16.9,-8.6,9.4,-37.2,0,9.4,9.4
1942,4,6.6,-5.7,0.5,14.4,-22.8,4.3,1.3,5.6
1942,5,18.1,2.3,10.2,26.1,-4.4,17.3,0,17.3
1942,6,22.1,6.8,14.5,28.9,-1.1,16,0,16
1942,7,22.4,8.1,15.3,29.4,0.6,58.9,0,58.9
1942,8,18.1,6.1,12.1,28.9,-2.2,51.6,0,51.6
1942,9,13.2,1.4,7.3,21.7,-9.4,34,0,34
1942,10,6.2,-3.3,1.5,18.3,-13.9,4.1,7.6,11.7
1942,11,-15.6,-24.6,-20.1,-5.6,-37.2,0,13.7,13.7
1942,12,-29,-37.3,-33.2,-11.1,-53.3,0,11.7,11.7
1943,1,-24.2,-35.7,-30,6.7,-53.3,0,31.5,31.5
1943,2,-11.3,-25.6,-18.5,5.6,-55,0,7.9,7.9
1943,3,-8.9,-20.8,-14.9,1.7,-40,0,2.8,2.8
1943,4,7.3,-7.3,0,15,-22.8,2.3,6.1,8.4
1943,5,14.3,1.2,7.8,21.1,-5.6,31.8,0,31.8
1943,6,21.6,5,13.3,25.6,0,18.8,0,18.8
1943,7,21.1,6.9,14,26.1,-0.6,54.4,0,54.4
1943,8,17.2,5.5,11.4,26.7,-1.7,74.4,0,74.4
1943,9,12.8,1.4,7.1,20.6,-3.3,36.6,0,36.6
1943,10,4.4,-4.9,-0.3,13.9,-18.3,15,21.8,36.8
1943,11,-1.1,-10.1,-5.6,7.2,-26.7,1,14,15
1943,12,-5,-15.4,-10.2,8.9,-28.9,2.3,23.9,26.2
1944,1,-10.1,-22.3,-16.2,2.8,-40,0,21.6,21.6
1944,2,-9.4,-21.3,-15.4,1.7,-41.7,0,12.2,12.2
1944,3,-5.3,-16.9,-11.1,7.8,-35,0,18.8,18.8
1944,4,5.8,-7.8,-1,13.3,-41.1,2.8,3.3,6.1
1944,5,15.5,1.6,8.6,25,-6.1,9.1,0,9.1
1944,6,20.8,7.4,14.1,28.9,2.2,51.6,0,51.6
1944,7,22.3,7.1,14.7,26.7,0.6,18,0,18
1944,8,18.7,4.3,11.5,22.2,-2.8,65.8,0,65.8
1944,9,12.4,0.7,6.6,23.3,-7.8,25.1,0,25.1
1944,10,5.2,-3.6,0.8,15,-13.9,3.3,19.3,22.6
1944,11,-8.4,-16.3,-12.4,6.7,-40,0,27.2,27.2
1944,12,-14.3,-23,-18.7,10,-43.3,0.8,6.9,7.6
1945,1,-13.1,-24.2,-18.7,3.9,-41.7,0,11.4,11.4
1945,2,-9.8,-20.5,-15.2,5.6,-46.1,0,22.9,22.9
1945,3,-1.9,-14.4,-8.2,7.8,-31.1,0,17.8,17.8
1945,4,1.6,-11.7,-5.1,8.3,-30,0,12.2,12.2
1945,5,15.3,0.3,7.8,26.7,-12.8,22.4,2.5,24.9
1945,6,18.8,5.1,12,23.3,-1.7,35.1,0,35.1
1945,7,20.1,7.2,13.7,24.4,1.1,52.1,0,52.1
1945,8,19.2,4.3,11.8,27.2,-1.7,28.4,0,28.4
1945,9,10.2,0.1,5.2,17.2,-8.9,48.5,3,51.6
1945,10,3.3,-5.4,-1.1,15,-24.4,19.8,3.6,23.4
1945,11,-18,-27.2,-22.6,-2.8,-43.3,0,19.3,19.3
1945,12,-15.1,-24.4,-19.8,-5,-35.6,0,32.3,32.3
1946,1,-16.6,-25.9,-21.3,-6.1,-42.2,0,18.3,18.3
1946,2,-12.1,-21.3,-16.7,0.6,-35.6,0,3.8,3.8
1946,3,-3.7,-17.9,-10.8,5.6,-32.8,0,32.8,32.8
1946,4,5.3,-6.8,-0.8,11.1,-27.8,6.6,18.3,24.9
1946,5,16.9,2.3,9.6,23.3,-4.4,6.4,0,6.4
1946,6,24.9,6.2,15.6,30,0,8.1,0,8.1
1946,7,22.5,5.6,14.1,28.3,-0.6,30.5,0,30.5
1946,8,19.6,3.3,11.5,29.4,-5,62,0,62
1946,9,13.4,-0.1,6.7,23.3,-15.6,7.4,0,7.4
1946,10,2.1,-7.3,-2.6,7.8,-20.6,6.1,41.9,48
1946,11,-18.2,-27.2,-22.7,0,-42.2,0.3,50,50.3
1946,12,-27.2,-37.2,-32.2,-5,-57.8,0,17,17
1947,1,-24.9,-35.7,-30.3,-4.4,-58.3,0,42.2,42.2
1947,2,-16,-25.8,-20.9,,-62.2,,,
1947,3,2.9,-9.8,-3.5,11.7,-36.7,16,11.2,27.2
1947,4,5.2,-7.1,-1,12.2,-19.4,7.4,0.3,7.6
1947,5,15.8,1.2,8.5,31.7,-7.8,7.4,0,7.4
1947,6,19.2,3.3,11.3,25.6,-1.7,12.4,0,12.4
1947,7,23.7,6.7,15.2,30.6,-1.7,38.6,0,38.6
1947,8,16.3,1.9,9.1,21.1,-7.2,41.1,0,41.1
1947,9,11.4,0.3,5.9,18.3,-10,58.2,0,58.2
1947,10,5.3,-3.2,1.1,15,-13.9,14.5,5.1,19.6
1947,11,-4.7,-11.7,-8.2,3.9,-25,6.6,18.8,25.4
1947,12,-7.8,-18.3,-13.1,0,-29.4,0,11.7,11.7
1948,1,-12.4,-22.4,-17.4,1.1,-36.7,0,16,16
1948,2,-19.5,-32.7,-26.1,-4.4,-49.4,0,0.3,0.3
1948,3,-7.5,-23.4,-15.5,2.2,-36.7,0,0,0
1948,4,1.4,-11.6,-5.1,10.6,-29.4,0,0,0
1948,5,15.9,2.4,9.2,24.4,-3.9,14,0,14
1948,6,21.1,4.9,13,32.2,-0.6,34.3,0,34.3
1948,7,22.1,5.7,13.9,28.9,-1.1,54.4,0,54.4
1948,8,17.3,3.7,10.5,26.1,-7.8,59.4,0,59.4
1948,9,10.7,0.3,5.5,16.7,-6.7,25.1,0,25.1
1948,10,4.4,-3.8,0.3,11.7,-13.3,5.8,7.1,13
1948,11,-14.1,-20.6,-17.4,4.4,-48.3,0,14.2,14.2
1948,12,-26.1,-35.7,-30.9,-7.2,-56.1,0,6.6,6.6
1949,1,-18.4,-32.4,-25.4,3.9,-48.3,0,99.6,99.6
1949,2,-23.2,-37.6,-30.4,1.1,-50.6,0,2.3,2.3
1949,3,-0.3,-16.8,-8.6,5.6,-31.1,0,6.9,6.9
1949,4,6.3,-5.1,0.6,12.8,-17.8,6.1,1.8,7.9
1949,5,11.3,-0.2,5.6,20,-10,32.8,0.3,33
1949,6,16.4,5.1,10.8,23.3,1.1,58.7,0,58.7
1949,7,20.9,7.2,14.1,28.9,1.7,41.1,0,41.1
1949,8,20.3,4.9,12.6,27.2,1.1,31.5,0,31.5
1949,9,15,2.2,8.6,25,-4.4,29.7,0,29.7
1949,10,1.9,-6.4,-2.3,8.3,-17.2,3.6,0.3,3.8
1949,11,-3.6,-11.1,-7.4,7.2,-27.2,6.4,11.7,18
1949,12,-24.4,-33.6,-29,0.6,-53.9,0,12.4,12.4
1950,1,-28.3,-37.4,-32.9,-9.4,-53.3,0,5.3,5.3
1950,2,-22.3,-34.1,-28.2,-6.7,-47.8,0,5.6,5.6
1950,3,-1.1,-17.3,-9.2,5.6,-32.2,0,3.8,3.8
1950,4,4.3,-8.7,-2.2,11.1,-29.4,0,5.1,5.1
1950,5,14.7,1.9,8.3,20,-2.2,16.8,0,16.8
1950,6,23.3,8.1,15.7,35,1.1,41.9,0,41.9
1950,7,21.3,8.3,14.8,26.7,1.7,33.3,0,33.3
1950,8,20.5,3.4,12,28.3,-3.3,11.7,0,11.7
1950,9,14.7,1.3,8,21.1,-3.9,18,0,18
1950,10,0.3,-7.4,-3.6,13.9,-21.1,0,21.1,21.1
1950,11,-25.5,-34.2,-29.9,0.6,-50.6,0,25.1,25.1
1950,12,-16.2,-24.5,-20.4,-2.8,-41.1,0,48.8,48.8
1951,1,-26.3,-35.3,-30.8,0,-50,0,3.6,3.6
1951,2,-20.5,-32.6,-26.6,-2.2,-48.3,0,19.1,19.1
1951,3,-8.2,-25.4,-16.8,9.4,-48.9,0,3.3,3.3
1951,4,5.8,-5.1,0.4,12.2,-18.3,0,5.1,5.1
1951,5,15.8,1.2,8.5,21.1,-5.6,10.4,0,10.4
1951,6,17.8,3.7,10.8,26.7,-3.3,47.8,0,47.8
1951,7,24.8,7.3,16.1,31.1,1.7,20.8,0,20.8
1951,8,20.9,4.9,12.9,28.9,-2.2,20.6,0,20.6
1951,9,14.7,2.9,8.8,23.3,-11.7,24.1,0.5,24.6
1951,10,-2.7,-14.1,-8.4,12.8,-27.2,6.6,11.9,18.5
1951,11,-9.7,-16.1,-12.9,4.4,-38.3,3,10.4,13.5
1951,12,-23.1,-33.5,-28.3,-9.4,-47.8,0,12.2,12.2
1952,1,-30.3,-40.2,-35.3,-13.3,-55.6,0,11.7,11.7
1952,2,-10.3,-22.2,-16.3,-1.7,-37.2,0,16.8,16.8
1952,3,-4.7,-18.1,-11.4,5,-32.8,0,6.6,6.6
1952,4,5,-7.6,-1.3,10.6,-27.2,0.3,5.1,5.3
1952,5,12.1,0.7,6.4,18.3,-6.7,23.9,7.9,31.8
1952,6,20.9,5.1,13,26.1,-1.7,19.6,0,19.6
1952,7,21.5,8.8,15.2,27.8,1.7,44.2,0,44.2
1952,8,17.8,4.8,11.3,27.8,-3.3,49.5,0,49.5
1952,9,9.9,1.4,5.7,17.8,-12.2,34,3,37.1
1952,10,4.7,-3.7,0.5,14.4,-9.4,0,6.9,6.9
1952,11,-2.3,-10.6,-6.5,8.3,-26.1,1.5,10.7,12.2
1952,12,-11,-22.2,-16.6,3.3,-31.7,0,13,13
1953,1,-27.4,-35.4,-31.4,-4.4,-48.3,0,6.6,6.6
1953,2,-6.5,-20.8,-13.7,6.1,-35,0,23.9,23.9
1953,3,-4.3,-20.6,-12.5,5,-40,0,7.9,7.9
1953,4,8.2,-4.8,1.7,17.8,-15.6,5.8,5.1,10.9
1953,5,17.2,2.6,9.9,24.4,-3.3,18.5,0.8,19.3
1953,6,21.9,7.4,14.7,27.2,-0.6,16,0,16
1953,7,23.2,7.1,15.2,29.4,0,24.1,0,24.1
1953,8,18.7,5.6,12.2,30,-2.8,28.7,0,28.7
1953,9,12.3,0.3,6.3,18.3,-11.1,18,1.3,19.3
1953,10,1.9,-5.9,-2,15,-28.3,13.2,31,44.2
1953,11,-9.2,-18.4,-13.8,1.7,-35,0,16.8,16.8
1953,12,-12.3,-22.4,-17.4,-1.1,-33.3,0,36.3,36.3
1954,1,-25.6,-35.9,-30.8,-3.3,-50,0,7.1,7.1
1954,2,-18.2,-32.9,-25.6,9.4,-48.3,0,14,14
1954,3,-1.9,-17.9,-9.9,10,-38.9,0,13.2,13.2
1954,4,0.1,-14.6,-7.3,7.8,-34.4,0,15.5,15.5
1954,5,15.1,0.4,7.8,23.9,-10,12.4,0.3,12.7
1954,6,21.1,5.8,13.5,27.8,-2.2,22.9,0,22.9
1954,7,21.6,8,14.8,27.2,1.1,61.2,0,61.2
1954,8,20.4,6.2,13.3,27.2,-2.2,47.2,0,47.2
1954,9,11.7,-0.9,5.4,20,-8.9,22.6,0.3,22.9
1954,10,4.5,-5.6,-0.6,11.7,-12.8,2,2.8,4.8
1954,11,-3.6,-11.4,-7.5,8.9,-30,0,15.5,15.5
1954,12,-19.2,-27.6,-23.4,6.1,-48.9,0.8,28.7,29.5
1955,1,-12,-23.7,-17.9,-2.8,-46.7,0,39.1,39.1
1955,2,-16.1,-27.8,-22,-1.1,-44.4,0,19.6,19.6
1955,3,-6.9,-23.7,-15.3,5.6,-45.6,0,14,14
1955,4,4.9,-6.4,-0.8,10.6,-16.7,0,1.5,1.5
1955,5,12.2,-0.1,6.1,18.9,-5.6,7.1,2.8,9.9
1955,6,18.7,4.7,11.7,28.9,-1.7,20.8,0,20.8
1955,7,23.9,8.7,16.3,30,2.8,18.3,0,18.3
1955,8,16.5,5.3,10.9,22.2,0,32.8,0,32.8
1955,9,12.5,-0.9,5.8,20,-10,20.3,0,20.3
1955,10,2.6,-5.8,-1.6,12.2,-20.6,1.5,7.6,9.1
1955,11,-21.7,-29.3,-25.5,-4.4,-46.1,0,13.5,13.5
1955,12,-25.3,-34.2,-29.8,5.6,-52.2,0,13,13
1956,1,-24.4,-34.9,-29.7,0,-50,0,10.9,10.9
1956,2,-19.3,-29.3,-24.3,-3.9,-51.7,0,9.4,9.4
1956,3,-6.4,-22.7,-14.6,7.2,-47.8,0,1.5,1.5
1956,4,5.8,-8.1,-1.2,12.8,-20.6,0,3.3,3.3
1956,5,15.1,0.9,8,23.9,-7.2,14.5,0,14.5
1956,6,19.6,6.2,12.9,25,0.6,33.5,0,33.5
1956,7,21.9,7.2,14.6,28.3,0,64.8,0,64.8
1956,8,18.2,7.1,12.7,25,-0.6,48,0,48
1956,9,11.3,-0.3,5.5,18.9,-11.7,10.7,1,11.7
1956,10,-2.7,-10.2,-6.5,8.3,-26.1,10.2,18.5,28.7
1956,11,-5.8,-17.1,-11.5,9.4,-37.8,3.8,48.8,52.6
1956,12,-27.2,-36.3,-31.8,-0.6,-50,0,18,18
1957,1,-25.1,-33.8,-29.5,-5,-50.6,0,7.6,7.6
1957,2,-14.8,-26.8,-20.8,1.1,-48.9,0,21.6,21.6
1957,3,-1.1,-17.2,-9.2,4.4,-31.7,0,3.8,3.8
1957,4,5.9,-8.3,-1.2,8.9,-19.4,1.8,4.3,6.1
1957,5,13.5,1.6,7.6,23.9,-6.1,23.9,0.8,24.6
1957,6,22.1,5.5,13.8,26.7,0,15.2,0,15.2
1957,7,21.6,6.6,14.1,25.6,1.1,30,0,30
1957,8,23.4,6.3,14.9,29.4,1.7,17,0,17
1957,9,13.5,2.1,7.8,24.4,-5.6,22.6,8.6,31.2
1957,10,1.7,-8.2,-3.3,9.4,-16.7,8.1,7.4,15.5
1957,11,-5.9,-15.1,-10.5,8.3,-37.2,0.5,27.4,27.9
1957,12,-19.4,-29.8,-24.6,-7.2,-41.7,0,18.3,18.3
1958,1,-8.9,-20,-14.5,7.2,-41.1,0,28.4,28.4
1958,2,-17.1,-31,-24.1,-2.2,-44.4,0,3.8,3.8
1958,3,-2.4,-20.1,-11.3,8.3,-36.1,0,2.5,2.5
1958,4,9.6,-3.6,3,20,-12.2,0.8,0,0.8
1958,5,14.1,1.7,7.9,23.3,-6.7,17,0,17
1958,6,22.1,7.4,14.8,30,1.1,24.6,0,24.6
1958,7,22.6,8.8,15.7,30,1.1,31,0,31
1958,8,19,6.1,12.6,24.4,-2.2,54.9,0,54.9
1958,9,11.9,-1.7,5.1,18.9,-12.2,0,1.5,1.5
1958,10,-1.9,-10.6,-6.3,9.4,-27.2,10.4,56.9,67.3
1958,11,-9.3,-18.2,-13.8,6.1,-32.8,0,20.8,20.8
1958,12,-16.7,-25.6,-21.2,-1.1,-43.3,0,31,31
1959,1,-32.8,-42.1,-37.5,-6.7,-56.1,0,4.1,4.1
1959,2,-13,-25.8,-19.4,-2.2,-37.2,0,25.1,25.1
1959,3,-7.1,-22.1,-14.6,6.1,-41.7,0,17.5,17.5
1959,4,3.8,-9.6,-2.9,13.9,-26.7,0,7.9,7.9
1959,5,12.4,0.8,6.6,20.6,-9.4,11.9,0,11.9
1959,6,21.8,5.3,13.6,26.1,0,17,0,17
1959,7,19.4,7.6,13.5,26.7,0.6,49.5,0,49.5
1959,8,16.5,3,9.8,23.3,-2.8,26.2,0,26.2
1959,9,11.3,1.3,6.3,17.2,-5,40.4,0,40.4
1959,10,-0.8,-11.9,-6.4,8.3,-28.9,2.5,19.8,22.4
1959,11,-10.2,-21.4,-15.8,5.6,-40.6,0,44.5,44.5
1959,12,-9.9,-22.8,-16.4,0.6,-33.3,0,36.3,36.3
1960,1,-16.6,-27.9,-22.3,3.3,-45.6,0,20.8,20.8
1960,2,-8.7,-20.5,-14.6,-1.1,-37.2,0,17,17
1960,3,-7.3,-19.8,-13.6,6.1,-33.9,0,13.2,13.2
1960,4,8,-5.7,1.2,18.3,-20.6,0,7.6,7.6
1960,5,17.1,2.3,9.7,27.2,-2.2,18.3,0,18.3
1960,6,19.1,6.8,13,27.8,0,29.7,0,29.7
1960,7,20.1,8.1,14.1,26.1,2.8,85.9,0,85.9
1960,8,19.6,5.8,12.7,29.4,-3.3,40.4,0,40.4
1960,9,11.5,1.2,6.4,22.2,-10,27.7,0,27.7
1960,10,2.2,-4.7,-1.3,6.7,-13.3,20.1,25.4,45.5
1960,11,-10.9,-20.1,-15.5,3.9,-37.8,3.6,39.1,42.7
1960,12,-8.4,-20.2,-14.3,6.7,-37.8,0,20.1,20.1
1961,1,-16.4,-27.4,-21.9,-3.9,-40.6,0,29,29
1961,2,-13.4,-26,-19.7,0.6,-45,0,21.1,21.1
1961,3,-4.1,-18.6,-11.4,10,-42.8,0,10.2,10.2
1961,4,4.8,-9.2,-2.2,16.7,-20.6,0,0.8,0.8
1961,5,13.9,0.3,7.1,21.7,-10.6,18.8,0,18.8
1961,6,20.8,6.8,13.8,25.6,1.1,27.7,0,27.7
1961,7,22.2,8.7,15.5,30.6,2.8,43.4,0,43.4
1961,8,19.4,6,12.7,25.6,-1.1,74.2,0,74.2
1961,9,13.3,0.2,6.8,25,-5,39.1,0,39.1
1961,10,0.4,-6.9,-3.3,9.4,-17.8,14.2,15,29.2
1961,11,-15.4,-25.3,-20.4,5,-41.1,0,24.9,24.9
1961,12,-29.6,-37.3,-33.5,-8.3,-53.9,0,51.3,51.3
1962,1,-20.1,-32.2,-26.2,5.6,-56.7,0,33.8,33.8
1962,2,-11.9,-24.3,-18.1,0.6,-42.2,0,14.2,14.2
1962,3,-5.6,-22.3,-14,9.4,-38.3,0,11.4,11.4
1962,4,6.5,-5.3,0.6,11.1,-23.9,0,3.8,3.8
1962,5,13.3,0.7,7,22.2,-4.4,10.7,0.3,10.9
1962,6,19.1,6.1,12.6,26.7,-0.6,67.1,0,67.1
1962,7,22.5,8.3,15.4,28.3,2.2,35.1,0,35.1
1962,8,20.8,8.1,14.5,28.3,1.7,63,0,63
1962,9,11,-0.6,5.2,17.2,-9.4,25.9,0,25.9
1962,10,5.4,-2.9,1.3,13.3,-13.3,5.8,0,5.8
1962,11,-8.6,-16.2,-12.4,5,-33.3,0,14.7,14.7
1962,12,-14.9,-25.3,-20.1,3.3,-47.8,0,33,33
1963,1,-18.7,-29.3,-24,-1.1,-52.8,0,49.5,49.5
1963,2,-8.4,-19.3,-13.9,8.9,-57.2,0,5.3,5.3
1963,3,-5.6,-23.7,-14.7,5,-38.9,0,19.1,19.1
1963,4,6.2,-9.1,-1.5,16.1,-36.1,1,6.9,7.9
1963,5,15.8,0.6,8.2,28.3,-6.1,18.3,0,18.3
1963,6,17.5,5.1,11.3,22.2,-1.1,27.4,0,27.4
1963,7,21.5,8.3,14.9,27.8,2.2,42.9,0,42.9
1963,8,21.9,5.3,13.6,29.4,-2.8,55.4,0,55.4
1963,9,13.1,3.1,8.1,25,-3.9,30.2,0,30.2
1963,10,4.7,-3.2,0.8,13.3,-16.7,9.1,33,42.2
1963,11,-19.1,-27.6,-23.4,2.2,-48.3,0,32.3,32.3
1963,12,-8.9,-18.5,-13.7,4.4,-41.7,0.3,37.1,37.3
1964,1,-19.9,-31.7,-25.8,-1.7,-49.4,0,26.9,26.9
1964,2,-7.6,-21.9,-14.8,2.2,-40,0,25.9,25.9
1964,3,-10.9,-28.2,-19.6,1.1,-42.2,0,10.7,10.7
1964,4,3.1,-9.8,-3.4,6.1,-21.7,0,35.6,35.6
1964,5,9.6,-3.7,3,23.9,-21.7,16,22.6,38.6
1964,6,20.3,7.8,14.1,27.2,1.7,40.6,0,40.6
1964,7,20,8.6,14.3,25.6,4.4,103.4,0,103.4
1964,8,18,6.6,12.3,22.8,0.6,25.1,0,25.1
1964,9,12.6,-0.4,6.1,19.4,-6.1,9.9,0,9.9
1964,10,4.2,-2.7,0.8,18.3,-12.8,5.1,28.7,33.8
1964,11,-11.2,-19.7,-15.5,1.1,-42.2,0,22.6,22.6
1964,12,-30.8,-39.9,-35.4,10,-56.1,0,33.5,33.5
1965,1,-25.1,-35.8,-30.5,7.8,-55,0,23.1,23.1
1965,2,-20.6,-33.1,-26.9,-6.1,-47.2,0,26.7,26.7
1965,3,0.4,-16.4,-8,7.8,-32.8,0,6.4,6.4
1965,4,6.1,-7.7,-0.8,14.4,-18.3,0,8.1,8.1
1965,5,13.2,-0.3,6.5,22.8,-5.6,3,5.6,8.6
1965,6,17.7,5.3,11.5,26.7,-2.2,79.8,0,79.8
1965,7,22.5,9.1,15.8,33.9,2.2,44.2,0,44.2
1965,8,18.4,4.9,11.7,28.3,-5.6,40.9,0,40.9
1965,9,12.7,0.1,6.4,19.4,-8.9,21.6,7.9,29.5
1965,10,1.1,-8.6,-3.8,10,-26.7,20.6,32.3,52.8
1965,11,-15.4,-26.1,-20.8,2.2,-37.8,0,24.1,24.1
1965,12,-18.3,-28.3,-23.3,3.3,-48.9,0,38.1,37.3
1966,1,-38.7,-46.7,-42.7,-27.8,-53.3,0,2.8,2.8
1966,2,-11.4,-22.9,-17.2,2.8,-42.8,0,35.8,35.8
1966,3,-5.3,-19.7,-12.5,11.1,-41.1,0,14.7,14.7
1966,4,5.3,-9.3,-2,10.6,-21.7,3.6,8.6,12.2
1966,5,12.3,0.2,6.3,20,-5.6,16.3,0,16.3
1966,6,21.6,6.1,13.9,27.8,0,11.2,0,11.2
1966,7,23.2,7.7,15.5,28.3,0.6,42.7,0,42.7
1966,8,18,3.7,10.9,26.1,-2.2,32,0,32
1966,9,13.3,0.1,6.7,22.8,-8.9,15.5,0,15.5
1966,10,-0.2,-8.7,-4.5,9.4,-28.9,12.2,14.7,26.9
1966,11,-19.4,-28.7,-24.1,7.2,-45,0,49,49
1966,12,-21.4,-31.2,-26.3,-4.4,-55,0,15,15
1967,1,-22.8,-34.2,-28.5,-5.6,-48.9,0,33,33
1967,2,-14.6,-27.2,-20.9,-2.8,-44.4,0,34.3,34.3
1967,3,-7.9,-26.3,-17.1,2.2,-39.4,0,10.9,10.9
1967,4,5.4,-9.7,-2.2,17.2,-22.8,0,2.5,2.5
1967,5,13.3,-0.8,6.3,21.7,-7.2,14.2,0.8,15
1967,6,21.6,6.3,14,30,-1.1,51.8,0,51.8
1967,7,21.7,6.9,14.3,27.8,0.6,53.6,0,53.6
1967,8,20.7,6.4,13.6,27.2,0,62.2,0,62.2
1967,9,13.8,1.3,7.6,26.1,-6.7,34.8,0,34.8
1967,10,3,-4.3,-0.7,8.3,-11.7,6.9,6.6,13.5
1967,11,-10.9,-18.6,-14.8,0.6,-42.2,0,44.2,44.2
1967,12,-15.9,-25.1,-20.5,4.4,-42.8,0,13.5,13.5
1968,1,-24.5,-33.4,-29,-4.4,-50.6,0,30.5,30.5
1968,2,-11.9,-23.3,-17.6,12.2,-56.1,0,10.9,10.9
1968,3,1.8,-11,-4.6,10,-28.3,0,3.6,3.6
1968,4,5.1,-7.8,-1.4,11.1,-20.6,0.5,10.4,10.9
1968,5,14.4,1,7.7,23.3,-5,36.3,0.3,36.6
1968,6,20.4,6.5,13.5,24.4,0.6,22.4,0,22.4
1968,7,23.3,7.8,15.6,27.8,2.8,20.3,0,20.3
1968,8,20.1,5.9,13,28.3,-0.6,30.5,0,30.5
1968,9,10,0.2,5.1,14.4,-9.4,40.6,0.3,40.9
1968,10,1.4,-6.3,-2.5,10.6,-16.1,0,14.7,14.7
1968,11,-7.7,-17.7,-12.7,4.4,-27.8,0,16.8,16.8
1968,12,-26,-36.4,-31.2,-2.8,-49.4,0,7.9,7.9
1969,1,-36.6,-44.5,-40.6,-21.1,-53.3,0,6.6,4.6
1969,2,-13.4,-25.6,-19.5,3.9,-50.6,0,5.1,3.6
1969,3,-2.4,-16.8,-9.6,6.1,-35.6,0,7.1,4.3
1969,4,8.6,-2,3.3,12.8,-7.8,1.8,4.3,4.1
1969,5,13.9,1.4,7.7,22.2,-4.4,8.9,7.6,15.2
1969,6,25.3,8.9,17.1,36.1,1.7,8.6,0,8.6
1969,7,20.3,6.4,13.4,25.6,-1.7,56.6,0,56.6
1969,8,15.2,2.2,8.7,23.3,-3.9,12.7,0,12.7
1969,9,12.8,2.1,7.5,20,-7.8,23.1,0,23.1
1969,10,5.4,-5,0.2,18.3,-21.1,11.2,3.8,13.2
1969,11,-9.8,-20.2,-15,10,-47.2,6.4,26.2,21.6
1969,12,-7.3,-21.3,-14.3,5.6,-31.7,0,13.7,9.9
1970,1,-21.9,-33,-27.5,2.8,-51.1,0,8.9,6.1
1970,2,-6.1,-20.9,-13.5,5.6,-32.2,0,16.8,12.4
1970,3,2.2,-8.6,-3.2,8.3,-25.6,0.5,10.9,8.6
1970,4,6,-5.1,0.5,10.6,-15.6,0.3,9.9,6.9
1970,5,13.7,1.8,7.8,21.1,-3.9,24.6,3.8,27.7
1970,6,18.9,5.7,12.3,22.8,-1.1,40.6,0,40.6
1970,7,22.4,8.1,15.3,29.4,2.8,13.7,0,13.7
1970,8,17.7,5.1,11.4,22.8,-1.7,49,0,49
1970,9,8.7,-0.1,4.3,18.3,-12.2,41.7,33.5,69.3
1970,10,-0.6,-9.9,-5.3,14.4,-30.6,3,37.6,30.2
1970,11,-11.2,-20.1,-15.7,13.9,-40.6,3,27.2,21.6
1970,12,-19.8,-29.4,-24.6,-3.9,-52.8,0,54.9,37.1
1971,1,-33.9,-46.4,-40.2,-3.9,-58.3,0,9.1,3.6
1971,2,-11.6,-23.7,-17.7,2.2,-47.2,0,34.3,19.1
1971,3,-5.2,-18.8,-12,4.4,-33.3,0,21.8,13.2
1971,4,4.8,-6.3,-0.8,12.2,-18.3,11.4,5.8,17.3
1971,5,13.6,0.6,7.1,21.7,-4.4,13,1.5,14.5
1971,6,21.3,7.7,14.5,28.3,-1.1,22.4,0,22.4
1971,7,23.6,8.9,16.3,28.3,2.8,47.8,0,47.8
1971,8,19.2,5.7,12.5,28.3,-1.1,51.3,0,51.3
1971,9,11.8,0.2,6,20,-8.9,26.7,1.3,27.9
1971,10,0.8,-9,-4.1,13.9,-31.7,8.6,29.2,37.3
1971,11,-11.7,-22.1,-16.9,-1.7,-33.3,0,16.3,13.5
1971,12,-23.4,-34.8,-29.1,-4.4,-53.3,0,26.4,26.2
1972,1,-29.9,-40.3,-35.1,-13.3,-55,0,17.5,17
1972,2,-20.4,-34.3,-27.4,-6.1,-49.4,0,12.4,12.4
1972,3,-6.9,-23.2,-15.1,7.2,-46.7,0,19.3,19.3
1972,4,2.2,-12,-4.9,8.3,-28.9,0.5,7.1,7.4
1972,5,14.2,0.6,7.4,21.1,-5.6,7.6,2,9.7
1972,6,20.6,7.2,13.9,30,0,40.1,0,40.1
1972,7,23.5,8.6,16.1,29.4,3.9,35.8,0,35.8
1972,8,19.8,7,13.4,25.6,0,49,0,49
1972,9,8.8,-1.7,3.6,21.7,-12.2,35.8,12.7,49.8
1972,10,-0.4,-11.7,-6.1,7.2,-24.4,4.1,40.4,39.4
1972,11,-6.8,-17.2,-12,5,-31.1,0,18.3,18.8
1972,12,-21.5,-32.1,-26.8,-2.8,-46.7,0,11.9,10.2
1973,1,-26.2,-38.6,-32.4,-10.6,-54.4,0,34,29
1973,2,-14.6,-29.1,-21.9,5.6,-50,0,30.2,20.3
1973,3,-0.9,-16.4,-8.7,9.4,-30.6,0,14.7,10.9
1973,4,7.5,-3.2,2.2,14.4,-11.7,4.6,3.3,7.1
1973,5,14.9,0.3,7.6,21.1,-3.9,9.4,0,9.4
1973,6,19.3,6.2,12.8,25,-1.1,81.3,0,81.3
1973,7,21.4,7.2,14.3,27.8,2.8,66.8,0,66.8
1973,8,16.8,5.9,11.4,23.9,-3.9,100.3,0,100.3
1973,9,13.6,-0.2,6.7,20.6,-7.2,27.7,0,27.7
1973,10,1.4,-6.7,-2.7,5.6,-17.8,6.6,23.1,24.4
1973,11,-21.6,-32.6,-27.1,-6.7,-42.2,0,21.6,18
1973,12,-16.3,-27.6,-22,3.3,-44.4,0,32.5,25.1
1974,1,-30.9,-42.2,-36.6,-22.2,-56.7,0,5.6,4.8
1974,2,-16.2,-29.6,-22.9,2.2,-50.6,0,40.1,32.3
1974,3,-7.1,-22.5,-14.8,3.3,-44.4,0,7.1,6.1
1974,4,6.5,-6.2,0.2,13.9,-26.1,1,6.6,8.1
1974,5,13.5,-0.7,6.4,23.3,-10,18,6.6,25.4
1974,6,19.4,4.6,12,26.1,-1.1,59.7,0,59.7
1974,7,21.4,6.9,14.2,27.8,-2.2,65.5,0,65.5
1974,8,18.6,5.2,11.9,28.3,-2.8,62,3.3,65.3
1974,9,13.9,-0.3,6.8,26.1,-15.6,10.7,0.3,10.9
1974,10,1,-6.5,-2.8,6.7,-20,22.6,49.8,66.3
1974,11,-5.2,-16.9,-11.1,12.2,-31.7,0,29.2,24.9
1974,12,-10.7,-22.1,-16.4,2.8,-40.6,0,40.4,35.1
1975,1,-23.5,-34.6,-29.1,-5,-55.7,0,20.5,18.4
1975,2,-15.7,-27.5,-21.6,4.4,-47.8,0,21.6,19.8
1975,3,-2.2,-16.1,-9.2,4.4,-30.6,0,6.9,5.6
1975,4,5.3,-4.2,0.6,12.2,-14.4,0.8,21.6,20.6
1975,5,15.1,2.7,8.9,23.3,-3.3,26.4,0,26.4
1975,6,20.8,7.1,14,29.4,1.1,51.1,0,51.1
1975,7,22.7,9.7,16.2,30.6,0,104.9,0,104.9
1975,8,18.8,5.1,12,27.2,-2.8,30.2,0,30.2
1975,9,12.2,1.5,6.9,18.3,-3.3,60.2,4.6,65
1975,10,0.3,-6.5,-3.1,11.7,-32.8,6.6,20.1,26.7
1975,11,-16.2,-27,-21.6,-6.1,-39.4,0,24.1,18
1975,12,-23.7,-33.9,-28.8,5.6,-53.9,0,11.2,9.7
1976,1,-17.9,-28.9,-23.4,5,-47.2,0,18.3,15.7
1976,2,-17.9,-32.4,-25.2,-7.8,-47.2,0,9.4,7.9
1976,3,-4.3,-19.2,-11.8,3.3,-33.9,0,15.7,14.5
1976,4,8.9,-3.6,2.7,22.8,-12.8,0,0,0
1976,5,14.1,1.4,7.8,20,-3.9,44.7,0,44.7
1976,6,21.3,5.7,13.5,27.8,0,54.4,0,54.4
1976,7,23.1,9.4,16.3,31.1,3.3,75.9,0,75.9
1976,8,21.5,6.8,14.2,30.6,-0.6,35.3,0,35.3
1976,9,15.2,2.3,8.8,24.4,-9.4,21.6,0,21.6
1976,10,3,-6,-1.5,12.8,-15.6,5.6,13.7,17
1976,11,-0.8,-10.1,-5.5,11.7,-19.4,0,25.1,24.4
1976,12,-12.4,-25.4,-18.9,7.2,-42.2,0,10.2,9.7
1977,1,-12.2,-22.2,-17.2,-0.3,-34.3,0,25.3,23.7
1977,2,-1.8,-12.7,-7.3,8.6,-28.3,0,10.4,8.1
1977,3,-3.2,-17.1,-10.2,4.2,-30.4,0,15.1,12.6
1977,4,6,-4.9,0.6,16.5,-20.4,3.5,18.9,20.6
1977,5,15.2,2.2,8.7,24,-2.5,24.7,0,24.7
1977,6,20.7,6.1,13.4,25.6,2.7,27.8,0,27.8
1977,7,22.2,8.4,15.3,29.3,2.8,45.4,0,45.4
1977,8,23.8,7.4,15.6,31,-3,12.9,0,12.9
1977,9,13.2,0.9,7.1,20.5,-5.6,34.7,0,34.7
1977,10,5,-3.4,0.8,11.6,-11.4,2.4,8.8,10.3
1977,11,-16.9,-25.3,-21.1,0.2,-43.2,0,31.2,22.6
1977,12,-29.6,-36.4,-33,-6.8,-52.5,0,10,6.9
1978,1,-16.2,-27.5,-21.9,4.4,-48.2,0,11.3,6.4
1978,2,-6.6,-21.5,-14.1,7.6,-47,0,3.1,2.7
1978,3,-0.7,-13.1,-6.9,6.6,-36.6,0,3.4,3.3
1978,4,7.4,-5.6,0.9,15,-18.1,0.2,3.7,4.2
1978,5,15,1.4,8.2,20,-3.4,14.6,0,14.6
1978,6,19.2,6.5,12.9,24.4,1.4,38.5,0,38.5
1978,7,23.4,8.6,16,31.8,3.8,76.2,0,76.2
1978,8,21.6,6.8,14.2,30.2,-2.1,11.4,0,11.4
1978,9,14.7,3.5,9.1,22.9,-4.6,28.8,0.2,29
1978,10,1.7,-5.9,-2.1,14,-17.1,5.2,47.1,45.9
1978,11,-13,-22.7,-17.9,0,-40.2,0,25.4,21
1978,12,-15.9,-26.2,-21.1,0,-44,0,32.3,22.7
1979,1,-23.7,-33.1,-28.4,-6,-46.2,0,18.7,12.2
1979,2,-29.6,-44.3,-37,-18.3,-54.8,0,3.9,3.1
1979,3,-3.7,-14.7,-9.2,6.1,-35.7,11.5,28.1,36.3
1979,4,6.3,-6.6,-0.2,18.7,-22.2,0,3.2,3.7
1979,5,14,1.4,7.7,23.1,-5.3,15.4,0,15.4
1979,6,19.9,5.6,12.8,25.6,-1.2,15.7,0,15.7
1979,7,21.7,10.8,16.3,28.6,4.4,108.7,0,108.7
1979,8,22.7,6.4,14.6,27.8,-0.3,30.2,0,30.2
1979,9,14.2,3,8.6,21.7,-2.5,38.2,0,38.2
1979,10,6.3,-2.2,2.1,,,8.2,10,18.2
1979,11,-1,-12.3,-6.7,8.9,-24.3,4.4,17.1,19.4
1979,12,-18.3,-29.7,-24,-1.3,-48.7,0,28.6,20.2
1980,1,-23,-34.7,-28.9,2.1,-53.8,0,16.6,13.6
1980,2,-6,-17.9,-12,4.5,-35.3,0,6.6,4.5
1980,3,-2,-14.5,-8.3,8.6,-29.2,0,4.3,3.7
1980,4,8.8,-1.4,3.7,14.3,-8,2.6,9.1,10.9
1980,5,17.4,2.7,10.1,24.1,-5.2,22.7,0,22.7
1980,6,21.4,8.3,14.9,32.7,0.8,44.4,0,44.4
1980,7,21.8,9.2,15.5,27.3,3.2,38.3,0,38.3
1980,8,18.6,5.8,12.2,28.2,-1.1,48,0,48
1980,9,9.2,-0.2,4.5,15.2,-8.1,45.6,2.6,48.2
1980,10,6.6,-1.3,2.7,15.6,-9.8,32.2,4.8,36.8
1980,11,-4.5,-13.9,-9.2,5.1,-37.7,0,25.8,19.9
1980,12,-35,-42.5,-38.8,3.6,-52.6,0,7.8,6.6
1981,1,-1.7,-13.5,-7.6,10.1,-27.1,0,2.4,2
1981,2,-10.8,-22.7,-16.8,1.2,-41.6,0,17.4,12.1
1981,3,2.4,-9.7,-3.7,8.5,-25.9,0.2,3.5,2.9
1981,4,3.9,-7.9,-2,13,-16.8,0.4,1.9,2.3
1981,5,19.2,3.8,11.5,27.6,-2.4,9.5,0,9.5
1981,6,18.8,5.4,12.1,23.6,-1.4,64.6,0,64.6
1981,7,21.1,8.8,15,27.7,2.1,45.5,0,45.5
1981,8,19.7,6.1,12.9,28.5,-3.3,17.6,0,17.6
1981,9,11.2,1.5,6.4,18.8,-8.8,44.7,8.6,53.3
1981,10,1.9,-4.2,-1.2,8.3,-13.8,25.9,21.4,42.9
1981,11,-4.8,-11.3,-8.1,9.5,-19,0,24.1,15.9
1981,12,-17.1,-26.2,-21.7,5.8,-49.2,0,6.9,6
1982,1,-37,-45.7,-41.4,-17,-52.6,0,5.9,4.7
1982,2,-18.9,-31,-25,-4.6,-47.7,0,26.6,25.6
1982,3,-6.6,-23,-14.8,5.9,-42.5,0,4.2,2
1982,4,4.7,-7.7,-1.5,10.7,-26.7,0,12.1,6.4
1982,5,11.9,1,6.5,19.8,-3.7,21.5,5.2,25.5
1982,6,21.5,6.8,14.2,29.7,-1.2,31.3,0,31.3
1982,7,23.7,9.7,16.7,29.2,3.4,62.2,0,62.2
1982,8,19.6,5.9,12.8,27.9,-2.2,24.1,0,24.1
1982,9,13.9,1.1,7.5,22.5,-3.5,39.4,0.5,39.9
1982,10,-2.3,-10.1,-6.2,11.4,-34.9,1,58.5,28.8
1982,11,-13.2,-21.9,-17.6,3.3,-44.9,0,28.5,17.7
1982,12,-14.5,-23.7,-19.1,-1.1,-44,0,26.9,13.8
1983,1,-19.8,-30.4,-25.1,-4,-52.7,0,50.4,31.5
1983,2,-10,-21.1,-15.6,-0.5,-43.5,0,26.1,13.9
1983,3,-5.5,-17.4,-11.5,2.8,-32,0,3.4,2.2
1983,4,8.5,-3.4,2.6,19.3,-16.2,2,1.2,0.8
1983,5,13.9,2.2,8.1,33.5,-3.9,28.8,4,32.6
1983,6,21.3,7.8,14.6,30,-0.3,32.4,0,32.4
1983,7,22.5,9,15.8,30.2,4.6,69.8,0,69.8
1983,8,17.4,6.7,12.1,22.9,-0.5,74.8,0,74.8
1983,9,9.8,-1.7,4.1,17.5,-14.9,22.8,1.2,23.8
1983,10,0.6,-6.7,-3.1,8,-17.5,7.2,34.5,33.3
1983,11,-8.9,-15.2,-12.1,-2,-24,0,18.3,8.7
1983,12,-33.1,-38.7,-35.9,-12.5,-48.2,0,16.4,5.5
1984,1,-18.2,-29.8,-24,-3,-52,0,40.2,25.6
1984,2,-7.8,-19.9,-13.9,6.8,-30.5,0,36.4,21.9
1984,3,0.8,-8.8,-4,11.2,-26.6,0,13.5,5.6
1984,4,8.9,-2.2,3.4,16.8,-7.8,0.2,8.6,7.8
1984,5,14.5,2,8.3,19.7,-4.7,27.4,0,27.4
1984,6,20.2,8,14.1,26,0.7,52.7,0,52.7
1984,7,20.6,8.1,14.4,26.1,1.9,33.9,0,33.9
1984,8,19.6,5.6,12.6,29,-1.8,37.1,7.6,41.8
1984,9,12.4,1.4,6.9,16.5,-5.7,20.6,0,20.6
1984,10,-0.1,-8.6,-4.4,13.9,-33.7,0.8,12.6,10.2
1984,11,-13.1,-20.4,-16.8,4.6,-36.3,0,43.8,18.8
1984,12,-22.2,-33.1,-27.7,1.9,-51.5,0,32.8,18.6
1985,1,-4.9,-13.9,-9.4,3.4,-28.8,1.4,35.2,28
1985,2,-18.8,-30.8,-24.8,2.1,-51.1,0,30.7,19.7
1985,3,-2.1,-16.8,-9.5,5,-36.7,0,15.4,7.8
1985,4,3.9,-6.8,-1.5,9.2,-25.2,0,12.6,6.8
1985,5,13.5,0.9,7.2,21.2,-5.1,5.6,0,5.6
1985,6,18.7,6.1,12.4,28.2,0.6,47.1,0,47.1
1985,7,21.4,9.6,15.5,28.1,4.6,65.2,0,65.2
1985,8,17.7,4.5,11.1,24.8,-1.4,31.8,0,31.8
1985,9,11,0.3,5.7,17.5,-6.3,35.6,0,35.6
1985,10,-2.3,-8.5,-5.4,8.8,-27.4,8,38.8,33.4
1985,11,-21.5,-31.3,-26.4,-5.8,-42,0,21.6,12.8
1985,12,-7.5,-16.5,-12,10.7,-42.7,5.2,23.6,17.4
1986,1,-8.8,-18.6,-13.7,0.8,-33,0.2,44.2,24.2
1986,2,-10.3,-25.5,-17.9,7.5,-41.6,0,4.7,3
1986,3,-3.7,-16.6,-10.2,6,-37.2,0,26.8,14.5
1986,4,1.5,-9.9,-4.2,11.8,-30.9,0,15.3,9.3
1986,5,12.7,1.8,7.3,17.2,-3.4,36.8,0.4,37.2
1986,6,20.7,6.9,13.8,27.2,0.6,31.7,0,31.7
1986,7,23.4,10.5,17,30.2,3.4,49,0,49
1986,8,17.2,5.9,11.6,22.8,-5.2,62.2,0,62.2
1986,9,13.4,0.7,7.1,23.5,-4.7,10.2,1,11
1986,10,3,-5.3,-1.2,14.8,-26.3,17.2,3,19.4
1986,11,-15.7,-26,-20.9,0.2,-42.9,0.4,13.3,8
1986,12,-10.3,-22.7,-16.5,-0.6,-30.5,0,29.2,23.5
1987,1,-11,-22.4,-16.7,5.9,-44,0,27.6,18.6
1987,2,-8,-18.5,-13.3,-0.1,-29.9,0,51.6,30.2
1987,3,-5,-20.6,-12.8,8.6,-45.2,1.6,5.8,5.2
1987,4,6.7,-4.4,1.2,15.2,-15.6,1.2,20.5,14
1987,5,14.6,2.4,8.5,22.7,-3.3,17,2.2,19.2
1987,6,20.4,8.1,14.3,30.4,1.5,33.2,0,33.2
1987,7,23,9.5,16.3,27.1,4.2,33,0,33
1987,8,19.7,5.8,12.8,25.1,-4.2,40.4,0,40.4
1987,9,11.9,1.3,6.6,19.4,-5.3,52,0,52
1987,10,4.8,-1.7,1.6,15.1,-10,31.4,12.2,39.6
1987,11,-4.3,-12.3,-8.3,7.6,-22.8,0.6,39.3,31.8
1987,12,-9.7,-20,-14.9,4,-34.1,0,30.4,19.7
1988,1,-20.4,-29.8,-25.1,-1.3,-44.6,0,18.6,6.4
1988,2,-9.4,-21.7,-15.6,7.4,-41,0,3.7,2.2
1988,3,0.5,-11.3,-5.4,7.3,-22.1,0,5.2,2.8
1988,4,8.5,-2.6,3,18,-14.4,2.4,2.4,4
1988,5,15.4,4.4,9.9,22.6,-0.1,37.6,0,37.6
1988,6,21,7.7,14.4,26.8,0.9,23.4,0,23.4
1988,7,21.5,10,15.8,28.8,5,86.2,0,86.2
1988,8,19,6.7,12.9,28.2,1,23.8,0,23.8
1988,9,12.2,-0.1,6.1,23.8,-6.6,18.6,0.2,18.8
1988,10,-0.9,-7.5,-4.2,18.1,-22.3,9.4,28.3,37.7
1988,11,-11.2,-19.8,-15.5,1.2,-37.9,0,19.8,19.8
1988,12,-11.2,-21.4,-16.3,3.4,-39.1,0,16.4,16.4
1989,1,-25.2,-34.5,-29.9,-3.4,-53.5,0,31,31
1989,2,-16.2,-29.8,-23,3.1,-52.9,0,4,4
1989,3,-8.5,-24.5,-16.5,1.7,-42.6,0,2.1,2.1
1989,4,11.7,-6.9,2.4,22,-22,0.4,0,0.4
1989,5,16.7,3.7,10.2,24.7,-4.5,26.6,0,26.6
1989,6,21.6,8.1,14.9,27.3,2,37.7,0,37.7
1989,7,25.8,9.7,17.8,31.5,5.4,36.9,0,36.9
1989,8,23.7,8.4,16.1,31.3,1.7,23.5,0,23.5
1989,9,12.8,0.9,6.9,23.8,-9.5,20.2,8,28.2
1989,10,1.6,-7.1,-2.8,13.1,-20.1,1.8,21,14.6
1989,11,-15.7,-25.3,-20.5,-2,-49.3,0,31.5,21.6
1989,12,-8.8,-20.1,-14.5,1,-42.6,0,40.5,34.2
1990,1,-21.8,-32.5,-27.2,-2,-53.1,0,26,14.6
1990,2,-22.3,-36.3,-29.3,7.3,-51.3,0.2,36.4,20.4
1990,3,0.7,-13.9,-6.6,9.1,-28.1,0.2,11.1,2.6
1990,4,9.4,-3.6,2.9,15.5,-11.4,0,0,0
1990,5,17,4.4,10.7,26,-0.6,23,0,23
1990,6,21.2,8.3,14.8,27,-0.3,36.2,0,36.2
1990,7,24.2,9.4,16.8,31.9,3.6,31.9,0,31.9
1990,8,20.3,8,14.2,29.9,-1.7,57.6,0,57.6
1990,9,12,2,7,17.9,-3.7,81.4,0,81.4
1990,10,0,-7.3,-3.7,6.6,-21.1,7.8,35.2,33.2
1990,11,-21.8,-31.4,-26.6,-6,-45.5,0,39.3,16.3
1990,12,-22.6,-32.6,-27.6,-7.1,-48.7,0,39.1,24
1991,1,-19,-30.4,-24.8,3.3,-48.1,0,27,17.5
1991,2,-9.1,-19.2,-14.2,0.6,-36.5,0,25.1,19
1991,3,-4.1,-17.6,-10.9,4.4,-32.7,0,27.2,20.6
1991,4,9.8,-3.5,3.1,16.6,-15.7,1.8,9.2,5.8
1991,5,16.9,3.1,10.1,21.7,-3.2,4.2,0,4.2
1991,6,22.2,8.4,15.3,29.3,1.6,24.9,0,24.9
1991,7,21.5,9.6,15.6,26,5.5,43.9,0,43.9
1991,8,17.1,5.9,11.5,25.8,-2.9,49.6,0,49.6
1991,9,13.5,2.1,7.9,21,-5.1,29.6,0,29.6
1991,10,-1.6,-10.6,-6.1,10.5,-27.2,21,9.3,30.6
1991,11,-10.9,-20.5,-15.8,-4.2,-34.7,0,48,27.1
1991,12,-14,-27.1,-20.5,2.5,-41.1,0,43.1,28.3
1992,1,-9.6,-20.1,-14.9,0.6,-31.1,0,48.2,31
1992,2,-11.2,-23.5,-17.4,11.1,-39.5,0,17.2,10
1992,3,0.1,-10.8,-5.3,9.1,-33.2,0,7.2,4.8
1992,4,4.7,-6,-0.6,13.6,-20.8,14.9,10.4,23.1
1992,5,11.5,0.5,6,20.4,-5.3,15.5,8.6,25.5
1992,6,20.4,6.6,13.5,31.9,-2.1,48.3,2.8,51.1
1992,7,22.4,10,16.2,31.6,4,39.7,0,39.7
1992,8,17.9,6.8,12.4,26.8,-0.9,44.8,0,44.8
1992,9,4.4,-3.6,0.4,14,-11.9,16.5,30.5,49.5
1992,10,-1.9,-10.3,-6.1,8.4,-25.1,4.8,16.2,16.5
1992,11,-4.6,-13.6,-9.1,5.6,-29.9,0,16.8,14.8
1992,12,-21.2,-31.4,-26.3,1,-50.1,0,15,12.1
1993,1,-19.7,-31.8,-25.7,-1.4,-48.2,0,35.8,29.8
1993,2,-11.3,-24.6,-17.9,5,-50.4,0,30.7,24.9
1993,3,0.3,-13.6,-6.6,9.2,-31.6,0,14,8.6
1993,4,10,-1.7,4.2,16.1,-8.6,0.2,3.4,3.8
1993,5,16.2,4.1,10.2,26.5,-3.1,16.2,0,16.2
1993,6,22.2,7.1,14.7,26.8,1.9,35.8,0,35.8
1993,7,23.4,10.3,16.9,28.5,6.3,33.2,0,33.2
1993,8,19.6,6.5,13,25.9,-10.6,45.2,0,45.2
1993,9,12.2,0.2,6.2,21.4,-7.5,9,8.4,17.1
1993,10,3.6,-3.2,0.2,13.2,-12.1,3.4,14.7,12.1
1993,11,-10,-19,-14.5,-0.2,-40.6,0,24.5,18.7
1993,12,-10.2,-22.4,-16.3,1.7,-35.9,0,24.5,17.4
1994,1,-22.2,-32.1,-27.2,0.9,-50,0,4.9,2.2
1994,2,-21,-34.1,-27.6,-12.6,-46.3,0,6.2,3.8
1994,3,-0.3,-12.2,-6.3,11.6,-36.4,0,42.8,33.7
1994,4,8.7,-3.4,2.6,16.9,-15.1,4.8,7,9.6
1994,5,15.1,2.3,8.8,24,-4.1,27,0,27
1994,6,20.9,7.3,14.1,28.7,1.9,43.9,0,43.9
1994,7,24.1,10.5,17.3,30.8,6,24.7,0,24.7
1994,8,24.5,8.4,16.5,31.7,-2.1,20.4,0,20.4
1994,9,11.4,0.4,5.9,17.3,-7.9,36,0,36
1994,10,3.3,-3.5,-0.1,10.3,-13.8,12.2,9,19.8
1994,11,-13.8,-23.5,-18.7,4.3,-37.1,0,31.3,27.5
1994,12,-15.5,-29.4,-22.4,4.3,-46.1,0,10.8,5.8
1995,1,-12,-21.3,-16.7,3,-37,0,9.4,9.4
1995,2,-6.7,-20.2,-13.5,6.5,-39.5,0,18.2,18.2
1995,3,-3.4,-18.5,-11,11,-37.5,0,16.7,16.7
1995,4,11.9,-4.1,3.9,23,-11.5,0,0,0
1995,5,20.1,1.4,10.8,29.5,-6.5,13.1,0,13.1
1995,6,23.4,6.3,14.9,32.5,-4,16.2,0,16.2
1995,7,22.8,8.9,15.9,28,1,55.6,0,55.6
1995,8,20,4.7,12.4,25.5,-1.5,55.4,0,55.4
1995,9,17.9,3.5,10.6,24.5,-3.5,22.5,0,22.5
1995,10,5.4,-4.2,0.7,10.5,-16.5,17.8,3,20.8
1995,11,-9.1,-17,-13.1,3.5,-36,0,18,18
1995,12,-12.6,-21.5,-16.7,2,-47.5,0,23,23
1996,1,-32.7,-40.2,-36.5,-8.4,-52.7,0,16.5,14.2
1996,2,-11.1,-25.4,-18.3,6.1,-45.3,0,18.7,13.6
1996,3,-4.3,-20.8,-12.6,3.5,-35.1,0,18.7,15.5
1996,4,7.6,-5.6,1,14,-24.8,5.4,1.6,5.8
1996,5,13.7,0,6.9,22,-6.6,10.2,0,10.2
1996,6,20.3,5.1,12.7,28,-2.8,45.2,0,45.2
1996,7,22.8,9,15.9,28.3,4.6,63.8,0,63.8
1996,8,16.8,6.1,11.4,22.8,2.3,44.1,0,44.1
1996,9,11.4,0.8,6.1,17.6,-7.6,45.5,0,45.5
1996,10,-3.1,-12.2,-7.7,8.7,-34.2,5,18.3,22.4
1996,11,-18.2,-27.7,-23,0.8,-41.7,0,22.5,19.5
1996,12,-20.5,-30.8,-25.7,0,-50.3,0,37.4,24.6
1997,1,-22,-32.7,-27.4,-1.1,-52.8,0,28.6,19.2
1997,2,-7.1,-17,-12,4.8,-30.8,0.2,12.2,10
1997,3,-6.8,-21.1,-14,5,-35,0,14.1,10.9
1997,4,7.9,-5.5,1.2,16.8,-24,9.4,19.4,23.8
1997,5,14.7,1.8,8.2,22.5,-4,42.1,0,42.1
1997,6,20.2,7.4,13.8,25.4,1.4,52.2,0,52.2
1997,7,23.2,11.2,17.2,28,6.7,62.9,0,62.9
1997,8,20.2,7.6,13.9,28,-0.4,43.7,0,43.7
1997,9,15,3.2,9.1,20.3,-4.4,41.8,0,41.8
1997,10,-1.8,-10.6,-6.1,8,-24.3,0,47.2,35.9
1997,11,-4.6,-15,-9.8,9.9,-30,0,26.9,17.9
1997,12,-5.1,-16.6,-10.9,10.6,-33.8,0,33.8,19.5
1998,1,-21.8,-30.5,-26.2,5.5,-50.4,0,13.8,7.2
1998,2,-5.3,-17,-11.2,4,-34.3,0,10.2,6.6
1998,3,-0.1,-15.2,-7.7,9.3,-32.2,0,1.2,1.2
1998,4,10.2,-3.3,3.5,14.8,-9.8,0,3.6,2.6
1998,5,18.2,3.9,11.1,31.5,-4.5,14.2,3.2,16.8
1998,6,22.2,8.5,15.4,30,3.5,30.8,0,30.8
1998,7,24.7,9.8,17.3,32.4,3.2,13.2,0,13.2
1998,8,19.6,5.4,12.5,26.4,-2.6,18.4,0,18.4
1998,9,12.2,1.4,6.8,19,-6.2,26.3,0.8,26.9
1998,10,2.2,-6.1,-1.9,13,-19.8,3.8,5.2,7.7
1998,11,-10.7,-18.9,-14.8,-0.2,-34.3,0,9.2,3
1998,12,-16.8,-27.1,-22,0,-45.5,0,26.8,14.3
1999,1,-21.7,-32,-26.9,-0.3,-49,0,30.3,16.5
1999,2,-13,-25.9,-19.5,-2.5,-45,0,18.2,12.9
1999,3,-0.5,-13.4,-6.9,11.5,-41.7,0,18.9,11.6
1999,4,7.9,-4.3,1.8,17.2,-13,9,11,19
1999,5,13.8,2,7.9,20.1,-2,39.8,0,39.8
1999,6,23.1,9.5,16.3,31.1,1,30.9,0,30.9
1999,7,22.5,7.9,15.2,29.4,0,55.2,0,55.2
1999,8,21.3,8.6,15,32.6,1,45.7,0,45.7
1999,9,12.5,1.2,6.8,20,-11.5,31.4,5.8,35.6
1999,10,2.2,-5,-1.4,11.5,-21.3,10.8,41,45.5
1999,11,-9,-17.9,-13.5,8.2,-36.8,0,38,22.5
1999,12,-10.7,-22.1,-16.5,11.8,-45,1.6,32.2,25
2000,1,-20.4,-29.7,-25.1,6,-49.9,0,18,13.2
2000,2,-5.3,-16.6,-10.9,3.2,-28,0,14.8,5.8
2000,3,1.7,-10.4,-4.3,8.1,-25,0,4.4,2.4
2000,4,4.9,-7.3,-1.2,12,-18,5.4,2.6,7.6
2000,5,13.1,0.7,6.9,18.2,-3.7,46.1,0,46.1
2000,6,22.6,7.6,15.1,28,0.1,34.6,0,34.6
2000,7,21.7,9.5,15.6,28,5,60.6,0,60.6
2000,8,16.8,5.4,11.1,26.6,-1.6,72.2,0,72.2
2000,9,9.8,0.6,5.2,16,-8.3,45.8,15.4,60.4
2000,10,1.7,-8,-3.2,12.2,-21,2.9,23.4,20.9
2000,11,-5.9,-14.2,-10.1,6.8,-26.4,2.8,38.2,33.2
2000,12,-15.5,-26.3,-20.9,0.4,-44,0,33.3,19.2
2001,1,-5.3,-18.7,-12,6.8,-27.8,0,27.2,16.4
2001,2,-12.4,-24.9,-18.7,9.8,-33.6,0,25.6,16
2001,3,-1.2,-14.2,-7.7,8.5,-35.5,0,18.8,14
2001,4,7.3,-5,1.2,11.5,-21.9,3.6,16.6,18.4
2001,5,13,0.7,6.9,18.9,-5,20.6,1.8,22.4
2001,6,22.2,7.8,15,27.7,3.5,37.4,0,37.4
2001,7,21.6,9,15.3,31.3,3.5,71.4,0,71.4
2001,8,21,8.5,14.8,26.2,4.9,26.2,0,26.2
2001,9,13.5,1.5,7.6,18.5,-4.5,45.8,0,45.8
2001,10,1.3,-6.1,-2.4,11.5,-14.5,2.4,12.2,10.9
2001,11,-10.5,-18.5,-14.5,2.4,-40.1,0.4,14.2,9.6
2001,12,-15.9,-26.1,-21,5,-43.8,0,10.4,8.8
2002,1,-12.9,-23.7,-18.4,4.8,-46.9,0,35.2,19.8
2002,2,-10.4,-23.6,-17,0.5,-38.9,0,29.6,13.2
2002,3,-5.9,-23.8,-14.9,3.8,-37,0,11,6.6
2002,4,3.1,-12.3,-4.6,19,-29.5,1.6,0,1.6
2002,5,14.5,0.4,7.5,26.8,-12.4,24.4,0,24.4
2002,6,20.7,7,13.9,25.5,1,40.9,0,40.9
2002,7,22.2,9.1,15.7,28.6,1.4,73.8,0,73.8
2002,8,16.3,6.5,11.4,25.5,-1.5,78.8,0,78.8
2002,9,13.6,1,7.3,19.6,-5.3,21.2,0,21.2
2002,10,4.6,-2.4,1.1,14.8,-9,24.4,11.8,34.8
2002,11,-1.7,-10,-5.9,12.5,-21.1,2,17.2,13.4
2002,12,-6.9,-16.2,-11.6,3.5,-31,0,30.4,19.2
2003,1,-14.9,-25.3,-20.1,8.1,-42.9,0,18.2,12.6
2003,2,-9.6,-20.1,-14.9,0.1,-40.2,0,14.6,11.6
2003,3,-3.7,-17.6,-10.7,5.9,-35.7,0,21.4,16.8
2003,4,8.5,-6.7,0.9,21.9,-32.6,1,0,1
2003,5,14.1,0,7.1,21.1,-5.5,16.4,0,16.4
2003,6,20.4,6.6,13.5,25.1,0,28.8,0,28.8
2003,7,23.9,9.5,16.7,30,5,51.8,0,51.8
2003,8,19.7,6.1,12.9,28.5,0,42.8,0,42.8
2003,9,10,0.1,5,18.9,-8.6,30,5,35.6
2003,10,6.4,-3.8,1.3,22.6,-19.9,3.2,12.6,13.6
2003,11,-14,-23.5,-18.8,-1.1,-41,0,73.4,45.8
2003,12,-12.5,-24.3,-18.4,7,-38.5,0,45.1,32
2004,1,-25.1,-34.2,-29.7,-8.2,-49.7,0,77.4,38.2
2004,2,-6.5,-18.2,-12.3,7.3,-42.6,0,26.8,18.4
2004,3,-4.9,-18.5,-11.7,5.9,-29.2,0,26.6,18
2004,4,7.8,-4.8,1.5,18.9,-19,7,1.4,7.6
2004,5,16,2.7,9.4,24,-7.3,11.3,0,11.3
2004,6,26.5,10.4,18.5,34,1.1,11.6,0,11.6
2004,7,23.3,9.2,16.3,30.7,4.1,34.4,0,34.4
2004,8,22.5,6.7,14.6,28.6,-2,9,0,9
2004,9,10.1,-1.6,4.3,19.4,-8.8,35.1,10.8,45.9
2004,10,0.5,-7.6,-3.6,9.1,-21.9,12.4,30,41.4
2004,11,-9.2,-19,-14.1,0.5,-34.1,0,52.4,33.2
2004,12,-14.7,-25.5,-20.1,1.8,-47.8,0,66.8,46
2005,1,-20.7,-31.2,-26,-1.4,-52.1,0,22.6,16
2005,2,-11.9,-24,-18,6.5,-47.6,0,25.4,16.4
2005,3,1.7,-9.6,-4,8.4,-23.4,1.4,8.2,6.4
2005,4,8.9,-3.4,2.8,17.4,-11.7,1.2,2,3.4
2005,5,18.8,5.5,12.2,23.9,-1.5,41.1,0,41.1
2005,6,22.2,7.3,14.8,29.1,2,44.2,0,44.2
2005,7,21,7.6,14.3,27.2,1.9,75.3,0,75.3
2005,8,19.8,7,13.4,28.8,-1,68.3,0,68.3
2005,9,12.9,2.7,7.8,18.3,-3.2,45.8,0,45.8
2005,10,3.5,-2.7,0.4,10.3,-12.1,5.9,24.6,24.7
2005,11,-8.9,-17.2,-13,11.7,-32.5,0.8,55.4,39.8
2005,12,-8.4,-18.5,-13.5,7.8,-36.7,0,26.6,19.2
2006,1,-16,-26,-21,-3.2,-46.2,0,22.8,9.5
2006,2,-7.9,-22.1,-15,8.6,-39.2,0,16,11.8
2006,3,-5.6,-19.5,-12.6,10,-37.5,0,9.2,5.2
2006,4,6,-5.1,0.5,11.8,-15.5,6,9.2,14.4
2006,5,15.9,1.6,8.8,23,-4.5,15,0,15.2
2006,6,21.9,6.5,14.2,31.6,-3.9,39.6,0,39.6
2006,7,23.9,9,16.4,28.2,5.1,29.6,0,29.6
2006,8,19.3,5.3,12.3,26.1,-7.8,50.8,0,50.8
2006,9,13.8,1.8,7.8,18.2,-4.5,38.2,0,38.2
2006,10,2.8,-7.5,-2.4,16,-20,11.6,5.4,16
2006,11,-23.6,-32.4,-28,-12.1,-45.5,0,16.8,11.8
2006,12,-7.7,-19.8,-13.8,4.2,-39.9,0,44.2,25.8
2007,1,-13.1,-24.9,-19,-2.5,-49.5,0,54.4,36.4
2007,2,-19.1,-32.8,-26,-6.6,-49.5,0,2.2,1.4
2007,3,-10.1,-24.3,-17.2,1.7,-46.9,0,44.2,29.4
2007,4,8.4,-4.3,2.1,14.8,-19.5,4.2,7.4,11.6
2007,5,16.3,2.1,9.3,24,-3,7.8,0,7.8
2007,6,23.1,8.6,15.9,31,0.1,72.4,0,72.4
2007,7,23.9,10.6,17.3,28.1,8.1,34.7,0,34.7
2007,8,21.2,7.1,14.2,29.2,-0.5,40.5,0,40.5
2007,9,11.8,0.9,6.4,18.9,-6.2,56,0,56
2007,10,0.6,-6.1,-2.8,9.6,-17,1.6,24.4,21
2007,11,-5.9,-14.8,-10.4,3.7,-22.5,0,20.8,12.2
2007,12,-16.5,-26.1,-21.3,-4.9,-41,0,35,22.4
2008,1,-18.9,-30.3,-24.6,-4.7,-52,0,20.8,12
2008,2,-14.9,-26.9,-20.9,8.3,-53.8,0,12.6,9
2008,3,-1.7,-14.1,-7.9,7.8,-27.9,0,8.6,6.6
2008,4,7.1,-5.1,1,15.9,-21.5,1.2,14.4,15.6
2008,5,15.7,2.4,9.1,24.7,-1.7,30.4,0,30.4
2008,6,21,7,14,26.4,0.4,27.7,0,27.7
2008,7,19.9,8.3,14.2,26.9,2.5,95.2,0,95.2
2008,8,16.7,6.4,11.6,23.5,-3.1,89.3,0,89.3
2008,9,12,1.6,6.8,17.7,-7.6,50.6,7.4,58
2008,10,-0.1,-7.5,-3.8,12.7,-24,14.9,39.4,46.9
2008,11,-8,-16,-12,2.1,-34.2,0,31.4,22.2
2008,12,-23.6,-33,-28.3,-6.7,-45,0,23.2,16.4
2009,1,-22,-31.3,-26.7,4.9,-50.8,6.8,22.6,23.2
2009,2,-15.8,-28.5,-22.2,-5.3,-41.5,0,37.8,15
2009,3,-8.4,-19.5,-14,4.5,-31.6,0,18,12.4
2009,4,7.3,-5.9,0.7,20.5,-18,0.4,16.4,14.4
2009,5,16.3,1,8.7,23.2,-5.5,9.2,2.8,12
2009,6,21.8,7.5,14.7,29.5,2.3,37.5,0,37.5
2009,7,25.1,8.5,16.8,34.5,1.3,13,0,13
2009,8,18.3,8,13.2,27,2.8,59.6,0,59.6
2009,9,13.8,3.5,8.7,21,-8.2,49.4,0,49.4
2009,10,2.7,-4.2,-0.7,6.9,-11.5,10,6.8,16.2
2009,11,-9.3,-17.9,-13.6,0,-38.4,0.4,60.2,39.2
2009,12,-14.4,-23.3,-18.9,3.3,-39.3,0.6,17,12.4
2010,1,-15.4,-22.9,-19.2,-4.7,-42,0,14.2,9.8
2010,2,-4.8,-16.5,-10.7,4.8,-27.9,0,4.4,3.2
2010,3,1.4,-10.9,-4.8,10,-23.1,0,11.4,6.2
2010,4,10,-3,3.5,19,-9.5,0.6,2,2.4
2010,5,17.9,2.9,10.4,28,-3.8,19,0,19
2010,6,20.3,8.5,14.4,25.8,2.9,52.2,0,52.2
2010,7,21.9,8.9,15.4,27.9,2.8,64.4,0,64.4
2010,8,21.6,7.8,14.7,31.3,0.9,46.4,0,46.4
2010,9,12.7,-0.1,6.3,20.4,-7.2,8.6,10.2,18.8
2010,10,2,-4.3,-1.2,13.4,-13.2,6.9,23.4,28.1
2010,11,-8.1,-16.1,-12.1,7.2,-33.9,0,38.6,27.2
2010,12,-19.8,-28.1,-24,-5.8,-42.8,0,25.6,16
2011,1,-18.4,-28,-23.3,2.2,-48.5,0,12.6,9
2011,2,-14.6,-26.9,-20.7,3.9,-46.8,1.4,23,20.4
2011,3,-5.9,-21.9,-13.9,11.2,-41.3,0.4,4.8,3.8
2011,4,6.3,-5.6,0.4,13,-13.9,2.2,6.8,8.8
2011,5,17,2.6,9.8,27.5,-4.1,12.2,2.2,14.4
2011,6,20.4,8.1,14.2,27.2,2,95.9,0,95.9
2011,7,21.4,9.2,15.3,26.9,4.6,107,0,107
2011,8,18.5,6.6,12.6,23.9,-0.6,62.4,0,62.4
2011,9,14.1,2.2,8.1,21.9,-2.8,45.4,0,45.4
2011,10,3,-3.5,-0.2,10.7,-11.1,2.6,23.2,19.8
2011,11,-15.1,-24.7,-20,-1.7,-43.2,0,45,32.6
2011,12,-8.6,-19.9,-14.3,0.1,-37,0,47.3,33.4
2012,1,,,,,,,,
2012,2,-4.1,-14.9,-9.6,7.2,-25.7,0,26.5,20.6
2012,3,-4.4,-16.2,-10.3,9,-32.4,0,23,15
2012,4,9.3,-2.9,3.2,13.2,-12,1.2,0,1.2
2012,5,14.5,2,8.3,22.9,-4,17.2,1.8,19
2012,6,21.8,7.9,14.9,29.9,1.9,28.8,0,28.8
2012,7,21.4,8.5,15,28.9,4.4,59.2,0,59.2
2012,8,20.3,5.9,13.1,26.4,-1.9,34.9,0,34.9
2012,9,14,1.9,8,23.5,-4.5,26,0,26
2012,10,-1.3,-11.3,-6.3,11.2,-27.5,4.4,15.6,16.4
2012,11,-18.9,-26.6,-22.8,-5.9,-45,0,23,13.4
2012,12,-23.8,-33.6,-28.7,-4.5,-48.1,0,42.8,24.3
2013,1,-16.1,-26.8,-21.5,3,-51,0,57.3,37.5
2013,2,-7.2,-16.8,-12.1,4.8,-29,0,34.4,21.6
2013,3,-5,-21.6,-13.3,6.6,-37.5,0.6,3,2.8
2013,4,1,-11.4,-5.2,8.4,-19.5,0.2,10.4,5.6
2013,5,14.7,1.7,8.2,26.1,-9.8,22,4.4,26.2
2013,6,24,9,16.5,33.1,0.5,22.7,0,22.7
2013,7,23.9,9.5,16.7,29.9,3.1,33.2,0,33.2
2013,8,21.8,8.4,15.1,30.7,-0.8,42.2,0,42.2
2013,9,12.8,3.1,8,20.5,-3,76.8,9.4,86.2
2013,10,4.4,-3.7,0.3,10.5,-12.9,28.6,11,38.4
2013,11,-7.7,-15.3,-11.5,0,-27.2,0,12,4.6
